[{"SCHLüSSEL":"14612000906","ORTSTEIL":"Mobschatz","GEMEINDE":"Dresden, Stadt","KREIS":"Dresden, Stadt","WAHRER_OT":"ja","PLZ":"01156","OT_S":"906","GKZ":"14612000","BESTAETIGT":1},{"SCHLüSSEL":"14612000044","ORTSTEIL":"Seevorstadt-West","GEMEINDE":"Dresden, Stadt","KREIS":"Dresden, Stadt","WAHRER_OT":"ja","PLZ":"01067,01069","OT_S":"044","GKZ":"14612000","BESTAETIGT":1},{"SCHLüSSEL":"14628110140","ORTSTEIL":"Potschappel","GEMEINDE":"Freital, Stadt","KREIS":"Sächsische Schweiz-Osterzgebirge","WAHRER_OT":"ja","PLZ":"01705","OT_S":"140","GKZ":"14628110","BESTAETIGT":1},{"SCHLüSSEL":"14612000240","ORTSTEIL":"Trachau","GEMEINDE":"Dresden, Stadt","KREIS":"Dresden, Stadt","WAHRER_OT":"ja","PLZ":"01129,01139","OT_S":"240","GKZ":"14612000","BESTAETIGT":1},{"SCHLüSSEL":"14612000985","ORTSTEIL":"Omsewitz","GEMEINDE":"Dresden, Stadt","KREIS":"Dresden, Stadt","WAHRER_OT":"ja","PLZ":"01157","OT_S":"985","GKZ":"14612000","BESTAETIGT":1},{"SCHLüSSEL":"14628050110","ORTSTEIL":"Welschhufe","GEMEINDE":"Bannewitz","KREIS":"Sächsische Schweiz-Osterzgebirge","WAHRER_OT":"ja","PLZ":"01728","OT_S":"110","GKZ":"14628050","BESTAETIGT":1},{"SCHLüSSEL":"14612000986","ORTSTEIL":"Leutewitz","GEMEINDE":"Dresden, Stadt","KREIS":"Dresden, Stadt","WAHRER_OT":"ja","PLZ":"01157","OT_S":"986","GKZ":"14612000","BESTAETIGT":1},{"SCHLüSSEL":"14612000610","ORTSTEIL":"Leuben","GEMEINDE":"Dresden, Stadt","KREIS":"Dresden, Stadt","WAHRER_OT":"ja","PLZ":"01237,01257,01259,01279","OT_S":"610","GKZ":"14612000","BESTAETIGT":1},{"SCHLüSSEL":"14612000227","ORTSTEIL":"Übigau","GEMEINDE":"Dresden, Stadt","KREIS":"Dresden, Stadt","WAHRER_OT":"ja","PLZ":"01139","OT_S":"227","GKZ":"14612000","BESTAETIGT":1},{"SCHLüSSEL":"14628110030","ORTSTEIL":"Pesterwitz","GEMEINDE":"Freital, Stadt","KREIS":"Sächsische Schweiz-Osterzgebirge","WAHRER_OT":"ja","PLZ":"01705","OT_S":"030","GKZ":"14628110","BESTAETIGT":1},{"SCHLüSSEL":"14612000211","ORTSTEIL":"Stadt Neudorf","GEMEINDE":"Dresden, Stadt","KREIS":"Dresden, Stadt","WAHRER_OT":"ja","PLZ":"01097,01127","OT_S":"211","GKZ":"14612000","BESTAETIGT":1},{"SCHLüSSEL":"14628110090","ORTSTEIL":"Burgk","GEMEINDE":"Freital, Stadt","KREIS":"Sächsische Schweiz-Osterzgebirge","WAHRER_OT":"ja","PLZ":"01705","OT_S":"090","GKZ":"14628110","BESTAETIGT":1},{"SCHLüSSEL":"14612000120","ORTSTEIL":"Radeberger Vorstadt","GEMEINDE":"Dresden, Stadt","KREIS":"Dresden, Stadt","WAHRER_OT":"ja","PLZ":"01099","OT_S":"120","GKZ":"14612000","BESTAETIGT":1},{"SCHLüSSEL":"14612000428","ORTSTEIL":"Rochwitz","GEMEINDE":"Dresden, Stadt","KREIS":"Dresden, Stadt","WAHRER_OT":"ja","PLZ":"01324,01326","OT_S":"428","GKZ":"14612000","BESTAETIGT":1},{"SCHLüSSEL":"14612000431","ORTSTEIL":"Niederpoyritz","GEMEINDE":"Dresden, Stadt","KREIS":"Dresden, Stadt","WAHRER_OT":"ja","PLZ":"01326","OT_S":"431","GKZ":"14612000","BESTAETIGT":1},{"SCHLüSSEL":"14612000744","ORTSTEIL":"Kauscha","GEMEINDE":"Dresden, Stadt","KREIS":"Dresden, Stadt","WAHRER_OT":"ja","PLZ":"01239","OT_S":"744","GKZ":"14612000","BESTAETIGT":1},{"SCHLüSSEL":"14612000564","ORTSTEIL":"Dobritz","GEMEINDE":"Dresden, Stadt","KREIS":"Dresden, Stadt","WAHRER_OT":"ja","PLZ":"01237","OT_S":"564","GKZ":"14612000","BESTAETIGT":1},{"SCHLüSSEL":"14612000841","ORTSTEIL":"Kleinpestitz","GEMEINDE":"Dresden, Stadt","KREIS":"Dresden, Stadt","WAHRER_OT":"ja","PLZ":"01189","OT_S":"841","GKZ":"14612000","BESTAETIGT":1},{"SCHLüSSEL":"14612000960","ORTSTEIL":"Gorbitz-Ost","GEMEINDE":"Dresden, Stadt","KREIS":"Dresden, Stadt","WAHRER_OT":"ja","PLZ":"01157,01159,01169","OT_S":"960","GKZ":"14612000","BESTAETIGT":1},{"SCHLüSSEL":"14612000550","ORTSTEIL":"Tolkewitz","GEMEINDE":"Dresden, Stadt","KREIS":"Dresden, Stadt","WAHRER_OT":"ja","PLZ":"01279","OT_S":"550","GKZ":"14612000","BESTAETIGT":1},{"SCHLüSSEL":"14612000820","ORTSTEIL":"Südvorstadt-Ost","GEMEINDE":"Dresden, Stadt","KREIS":"Dresden, Stadt","WAHRER_OT":"ja","PLZ":"01069,01217,01219","OT_S":"820","GKZ":"14612000","BESTAETIGT":1},{"SCHLüSSEL":"14612000992","ORTSTEIL":"Ockerwitz","GEMEINDE":"Dresden, Stadt","KREIS":"Dresden, Stadt","WAHRER_OT":"ja","PLZ":"01156","OT_S":"992","GKZ":"14612000","BESTAETIGT":1},{"SCHLüSSEL":"14612000991","ORTSTEIL":"Gompitz","GEMEINDE":"Dresden, Stadt","KREIS":"Dresden, Stadt","WAHRER_OT":"ja","PLZ":"01156","OT_S":"991","GKZ":"14612000","BESTAETIGT":1},{"SCHLüSSEL":"14628050040","ORTSTEIL":"Cunnersdorf","GEMEINDE":"Bannewitz","KREIS":"Sächsische Schweiz-Osterzgebirge","WAHRER_OT":"ja","PLZ":"01728","OT_S":"040","GKZ":"14628050","BESTAETIGT":1},{"SCHLüSSEL":"14612000010","ORTSTEIL":"Innere Altstadt","GEMEINDE":"Dresden, Stadt","KREIS":"Dresden, Stadt","WAHRER_OT":"ja","PLZ":"01067,01069","OT_S":"010","GKZ":"14612000","BESTAETIGT":1},{"SCHLüSSEL":"14628050050","ORTSTEIL":"Gaustritz","GEMEINDE":"Bannewitz","KREIS":"Sächsische Schweiz-Osterzgebirge","WAHRER_OT":"ja","PLZ":"01728","OT_S":"050","GKZ":"14628050","BESTAETIGT":1},{"SCHLüSSEL":"14612000760","ORTSTEIL":"Strehlen","GEMEINDE":"Dresden, Stadt","KREIS":"Dresden, Stadt","WAHRER_OT":"ja","PLZ":"01217,01219,01237","OT_S":"760","GKZ":"14612000","BESTAETIGT":1},{"SCHLüSSEL":"14612000340","ORTSTEIL":"Hellerberge","GEMEINDE":"Dresden, Stadt","KREIS":"Dresden, Stadt","WAHRER_OT":"ja","PLZ":"01099,01109,01127,01129","OT_S":"340","GKZ":"14612000","BESTAETIGT":1},{"SCHLüSSEL":"14612000950","ORTSTEIL":"Gorbitz-Süd","GEMEINDE":"Dresden, Stadt","KREIS":"Dresden, Stadt","WAHRER_OT":"ja","PLZ":"01169","OT_S":"950","GKZ":"14612000","BESTAETIGT":1},{"SCHLüSSEL":"14612000751","ORTSTEIL":"Torna","GEMEINDE":"Dresden, Stadt","KREIS":"Dresden, Stadt","WAHRER_OT":"ja","PLZ":"01239","OT_S":"751","GKZ":"14612000","BESTAETIGT":1},{"SCHLüSSEL":"14612000946","ORTSTEIL":"Roßthal/Neunimptsch","GEMEINDE":"Dresden, Stadt","KREIS":"Dresden, Stadt","WAHRER_OT":"ja","PLZ":"01169","OT_S":"946","GKZ":"14612000","BESTAETIGT":1},{"SCHLüSSEL":"14612000030","ORTSTEIL":"Seevorstadt-Ost/Großer Garten/Strehlen-Nordwest","GEMEINDE":"Dresden, Stadt","KREIS":"Dresden, Stadt","WAHRER_OT":"ja","PLZ":"01069,01219","OT_S":"030","GKZ":"14612000","BESTAETIGT":1},{"SCHLüSSEL":"14612000981","ORTSTEIL":"Stetzsch","GEMEINDE":"Dresden, Stadt","KREIS":"Dresden, Stadt","WAHRER_OT":"ja","PLZ":"01157","OT_S":"981","GKZ":"14612000","BESTAETIGT":1},{"SCHLüSSEL":"14612000983","ORTSTEIL":"Briesnitz","GEMEINDE":"Dresden, Stadt","KREIS":"Dresden, Stadt","WAHRER_OT":"ja","PLZ":"01157,01169","OT_S":"983","GKZ":"14612000","BESTAETIGT":1},{"SCHLüSSEL":"14612000710","ORTSTEIL":"Prohlis-Nord","GEMEINDE":"Dresden, Stadt","KREIS":"Dresden, Stadt","WAHRER_OT":"ja","PLZ":"01237,01239","OT_S":"710","GKZ":"14612000","BESTAETIGT":1},{"SCHLüSSEL":"14612000213","ORTSTEIL":"Pieschen-Süd","GEMEINDE":"Dresden, Stadt","KREIS":"Dresden, Stadt","WAHRER_OT":"ja","PLZ":"01127,01139","OT_S":"213","GKZ":"14612000","BESTAETIGT":1},{"SCHLüSSEL":"14628110160","ORTSTEIL":"Zauckerode","GEMEINDE":"Freital, Stadt","KREIS":"Sächsische Schweiz-Osterzgebirge","WAHRER_OT":"ja","PLZ":"01705","OT_S":"160","GKZ":"14628110","BESTAETIGT":1},{"SCHLüSSEL":"14612000110","ORTSTEIL":"Äußere Neustadt","GEMEINDE":"Dresden, Stadt","KREIS":"Dresden, Stadt","WAHRER_OT":"ja","PLZ":"01097,01099","OT_S":"110","GKZ":"14612000","BESTAETIGT":1},{"SCHLüSSEL":"14612000041","ORTSTEIL":"Wilsdruffer Vorstadt","GEMEINDE":"Dresden, Stadt","KREIS":"Dresden, Stadt","WAHRER_OT":"ja","PLZ":"01067,01159","OT_S":"041","GKZ":"14612000","BESTAETIGT":1},{"SCHLüSSEL":"14612000909","ORTSTEIL":"Merbitz/Podemus","GEMEINDE":"Dresden, Stadt","KREIS":"Dresden, Stadt","WAHRER_OT":"ja","PLZ":"01156","OT_S":"909","GKZ":"14612000","BESTAETIGT":1},{"SCHLüSSEL":"14612000832","ORTSTEIL":"Zschertnitz/Strehlen-Südwest","GEMEINDE":"Dresden, Stadt","KREIS":"Dresden, Stadt","WAHRER_OT":"ja","PLZ":"01217","OT_S":"832","GKZ":"14612000","BESTAETIGT":1},{"SCHLüSSEL":"14612000150","ORTSTEIL":"Albertstadt","GEMEINDE":"Dresden, Stadt","KREIS":"Dresden, Stadt","WAHRER_OT":"ja","PLZ":"01099","OT_S":"150","GKZ":"14612000","BESTAETIGT":1},{"SCHLüSSEL":"14612000561","ORTSTEIL":"Seidnitz","GEMEINDE":"Dresden, Stadt","KREIS":"Dresden, Stadt","WAHRER_OT":"ja","PLZ":"01237,01277,01279","OT_S":"561","GKZ":"14612000","BESTAETIGT":1},{"SCHLüSSEL":"14628050100","ORTSTEIL":"Rippien","GEMEINDE":"Bannewitz","KREIS":"Sächsische Schweiz-Osterzgebirge","WAHRER_OT":"ja","PLZ":"01728","OT_S":"100","GKZ":"14628050","BESTAETIGT":1},{"SCHLüSSEL":"14612000257","ORTSTEIL":"Trachenberge","GEMEINDE":"Dresden, Stadt","KREIS":"Dresden, Stadt","WAHRER_OT":"ja","PLZ":"01129","OT_S":"257","GKZ":"14612000","BESTAETIGT":1},{"SCHLüSSEL":"14612000540","ORTSTEIL":"Striesen-West","GEMEINDE":"Dresden, Stadt","KREIS":"Dresden, Stadt","WAHRER_OT":"ja","PLZ":"01307,01309","OT_S":"540","GKZ":"14612000","BESTAETIGT":1},{"SCHLüSSEL":"14612000844","ORTSTEIL":"Kaitz","GEMEINDE":"Dresden, Stadt","KREIS":"Dresden, Stadt","WAHRER_OT":"ja","PLZ":"01217","OT_S":"844","GKZ":"14612000","BESTAETIGT":1},{"SCHLüSSEL":"14612000743","ORTSTEIL":"Nickern","GEMEINDE":"Dresden, Stadt","KREIS":"Dresden, Stadt","WAHRER_OT":"ja","PLZ":"01239,01257","OT_S":"743","GKZ":"14612000","BESTAETIGT":1},{"SCHLüSSEL":"14628110080","ORTSTEIL":"Birkigt","GEMEINDE":"Freital, Stadt","KREIS":"Sächsische Schweiz-Osterzgebirge","WAHRER_OT":"ja","PLZ":"01705","OT_S":"080","GKZ":"14628110","BESTAETIGT":1},{"SCHLüSSEL":"14612000730","ORTSTEIL":"Niedersedlitz","GEMEINDE":"Dresden, Stadt","KREIS":"Dresden, Stadt","WAHRER_OT":"ja","PLZ":"01239,01257,01259","OT_S":"730","GKZ":"14612000","BESTAETIGT":1},{"SCHLüSSEL":"14612000752","ORTSTEIL":"Leubnitz-Neuostra","GEMEINDE":"Dresden, Stadt","KREIS":"Dresden, Stadt","WAHRER_OT":"ja","PLZ":"01217,01219,01237,01239","OT_S":"752","GKZ":"14612000","BESTAETIGT":1},{"SCHLüSSEL":"14612000845","ORTSTEIL":"Mockritz","GEMEINDE":"Dresden, Stadt","KREIS":"Dresden, Stadt","WAHRER_OT":"ja","PLZ":"01217,01219","OT_S":"845","GKZ":"14612000","BESTAETIGT":1},{"SCHLüSSEL":"14612000511","ORTSTEIL":"Blasewitz","GEMEINDE":"Dresden, Stadt","KREIS":"Dresden, Stadt","WAHRER_OT":"ja","PLZ":"01277,01279,01307,01309","OT_S":"511","GKZ":"14612000","BESTAETIGT":1},{"SCHLüSSEL":"14612000810","ORTSTEIL":"Südvorstadt-West","GEMEINDE":"Dresden, Stadt","KREIS":"Dresden, Stadt","WAHRER_OT":"ja","PLZ":"01069,01187","OT_S":"810","GKZ":"14612000","BESTAETIGT":1},{"SCHLüSSEL":"14612000945","ORTSTEIL":"Dölzschen","GEMEINDE":"Dresden, Stadt","KREIS":"Dresden, Stadt","WAHRER_OT":"ja","PLZ":"01159,01187","OT_S":"945","GKZ":"14612000","BESTAETIGT":1},{"SCHLüSSEL":"14612000530","ORTSTEIL":"Striesen-Süd/Johannstadt-Südost","GEMEINDE":"Dresden, Stadt","KREIS":"Dresden, Stadt","WAHRER_OT":"ja","PLZ":"01277,01309","OT_S":"530","GKZ":"14612000","BESTAETIGT":1},{"SCHLüSSEL":"14628050080","ORTSTEIL":"Hänichen","GEMEINDE":"Bannewitz","KREIS":"Sächsische Schweiz-Osterzgebirge","WAHRER_OT":"ja","PLZ":"01728","OT_S":"080","GKZ":"14628050","BESTAETIGT":1},{"SCHLüSSEL":"14612000620","ORTSTEIL":"Laubegast","GEMEINDE":"Dresden, Stadt","KREIS":"Dresden, Stadt","WAHRER_OT":"ja","PLZ":"01279","OT_S":"620","GKZ":"14612000","BESTAETIGT":1},{"SCHLüSSEL":"14612000860","ORTSTEIL":"Plauen","GEMEINDE":"Dresden, Stadt","KREIS":"Dresden, Stadt","WAHRER_OT":"ja","PLZ":"01187,01189","OT_S":"860","GKZ":"14612000","BESTAETIGT":1},{"SCHLüSSEL":"14612000230","ORTSTEIL":"Kaditz","GEMEINDE":"Dresden, Stadt","KREIS":"Dresden, Stadt","WAHRER_OT":"ja","PLZ":"01139","OT_S":"230","GKZ":"14612000","BESTAETIGT":1},{"SCHLüSSEL":"14612000070","ORTSTEIL":"Johannstadt-Süd","GEMEINDE":"Dresden, Stadt","KREIS":"Dresden, Stadt","WAHRER_OT":"ja","PLZ":"01307","OT_S":"070","GKZ":"14612000","BESTAETIGT":1},{"SCHLüSSEL":"14628050010","ORTSTEIL":"Bannewitz","GEMEINDE":"Bannewitz","KREIS":"Sächsische Schweiz-Osterzgebirge","WAHRER_OT":"ja","PLZ":"01728","OT_S":"010","GKZ":"14628050","BESTAETIGT":1},{"SCHLüSSEL":"14612000851","ORTSTEIL":"Coschütz","GEMEINDE":"Dresden, Stadt","KREIS":"Dresden, Stadt","WAHRER_OT":"ja","PLZ":"01189","OT_S":"851","GKZ":"14612000","BESTAETIGT":1},{"SCHLüSSEL":"14612000223","ORTSTEIL":"Mickten","GEMEINDE":"Dresden, Stadt","KREIS":"Dresden, Stadt","WAHRER_OT":"ja","PLZ":"01127,01139","OT_S":"223","GKZ":"14612000","BESTAETIGT":1},{"SCHLüSSEL":"14612000570","ORTSTEIL":"Gruna/Strehlen-Nordost","GEMEINDE":"Dresden, Stadt","KREIS":"Dresden, Stadt","WAHRER_OT":"ja","PLZ":"01277,01309","OT_S":"570","GKZ":"14612000","BESTAETIGT":1},{"SCHLüSSEL":"14612000982","ORTSTEIL":"Kemnitz","GEMEINDE":"Dresden, Stadt","KREIS":"Dresden, Stadt","WAHRER_OT":"ja","PLZ":"01157","OT_S":"982","GKZ":"14612000","BESTAETIGT":1},{"SCHLüSSEL":"14612000411","ORTSTEIL":"Loschwitz","GEMEINDE":"Dresden, Stadt","KREIS":"Dresden, Stadt","WAHRER_OT":"ja","PLZ":"01099,01324,01326","OT_S":"411","GKZ":"14612000","BESTAETIGT":1},{"SCHLüSSEL":"14628110150","ORTSTEIL":"Schweinsdorf","GEMEINDE":"Freital, Stadt","KREIS":"Sächsische Schweiz-Osterzgebirge","WAHRER_OT":"ja","PLZ":"01705","OT_S":"150","GKZ":"14628110","BESTAETIGT":1},{"SCHLüSSEL":"14628050020","ORTSTEIL":"Boderitz","GEMEINDE":"Bannewitz","KREIS":"Sächsische Schweiz-Osterzgebirge","WAHRER_OT":"ja","PLZ":"01728","OT_S":"020","GKZ":"14628050","BESTAETIGT":1},{"SCHLüSSEL":"14612000920","ORTSTEIL":"Löbtau-Nord","GEMEINDE":"Dresden, Stadt","KREIS":"Dresden, Stadt","WAHRER_OT":"ja","PLZ":"01157,01159,01187","OT_S":"920","GKZ":"14612000","BESTAETIGT":1},{"SCHLüSSEL":"14612000130","ORTSTEIL":"Innere Neustadt","GEMEINDE":"Dresden, Stadt","KREIS":"Dresden, Stadt","WAHRER_OT":"ja","PLZ":"01097,01099","OT_S":"130","GKZ":"14612000","BESTAETIGT":1},{"SCHLüSSEL":"14612000140","ORTSTEIL":"Leipziger Vorstadt","GEMEINDE":"Dresden, Stadt","KREIS":"Dresden, Stadt","WAHRER_OT":"ja","PLZ":"01097,01099,01127","OT_S":"140","GKZ":"14612000","BESTAETIGT":1},{"SCHLüSSEL":"14612000252","ORTSTEIL":"Pieschen-Nord/Leipziger Vorstadt-Nordwest","GEMEINDE":"Dresden, Stadt","KREIS":"Dresden, Stadt","WAHRER_OT":"ja","PLZ":"01127,01129","OT_S":"252","GKZ":"14612000","BESTAETIGT":1},{"SCHLüSSEL":"14612000770","ORTSTEIL":"Reick","GEMEINDE":"Dresden, Stadt","KREIS":"Dresden, Stadt","WAHRER_OT":"ja","PLZ":"01237,01239","OT_S":"770","GKZ":"14612000","BESTAETIGT":1},{"SCHLüSSEL":"14628050070","ORTSTEIL":"Goppeln","GEMEINDE":"Bannewitz","KREIS":"Sächsische Schweiz-Osterzgebirge","WAHRER_OT":"ja","PLZ":"01728","OT_S":"070","GKZ":"14628050","BESTAETIGT":1},{"SCHLüSSEL":"14612000020","ORTSTEIL":"Pirnaische Vorstadt","GEMEINDE":"Dresden, Stadt","KREIS":"Dresden, Stadt","WAHRER_OT":"ja","PLZ":"01069,01307","OT_S":"020","GKZ":"14612000","BESTAETIGT":1},{"SCHLüSSEL":"14612000520","ORTSTEIL":"Striesen-Ost","GEMEINDE":"Dresden, Stadt","KREIS":"Dresden, Stadt","WAHRER_OT":"ja","PLZ":"01277,01309","OT_S":"520","GKZ":"14612000","BESTAETIGT":1},{"SCHLüSSEL":"14612000853","ORTSTEIL":"Gittersee","GEMEINDE":"Dresden, Stadt","KREIS":"Dresden, Stadt","WAHRER_OT":"ja","PLZ":"01189","OT_S":"853","GKZ":"14612000","BESTAETIGT":1},{"SCHLüSSEL":"14612000942","ORTSTEIL":"Wölfnitz","GEMEINDE":"Dresden, Stadt","KREIS":"Dresden, Stadt","WAHRER_OT":"ja","PLZ":"01159,01169","OT_S":"942","GKZ":"14612000","BESTAETIGT":1},{"SCHLüSSEL":"14612000941","ORTSTEIL":"Naußlitz","GEMEINDE":"Dresden, Stadt","KREIS":"Dresden, Stadt","WAHRER_OT":"ja","PLZ":"01159,01169,01187,01189","OT_S":"941","GKZ":"14612000","BESTAETIGT":1},{"SCHLüSSEL":"14612000516","ORTSTEIL":"Neugruna","GEMEINDE":"Dresden, Stadt","KREIS":"Dresden, Stadt","WAHRER_OT":"ja","PLZ":"01277","OT_S":"516","GKZ":"14612000","BESTAETIGT":1},{"SCHLüSSEL":"14612000970","ORTSTEIL":"Gorbitz-Nord/Neu-Omsewitz","GEMEINDE":"Dresden, Stadt","KREIS":"Dresden, Stadt","WAHRER_OT":"ja","PLZ":"01157,01169","OT_S":"970","GKZ":"14612000","BESTAETIGT":1},{"SCHLüSSEL":"14612000846","ORTSTEIL":"Gostritz","GEMEINDE":"Dresden, Stadt","KREIS":"Dresden, Stadt","WAHRER_OT":"ja","PLZ":"01217","OT_S":"846","GKZ":"14612000","BESTAETIGT":1},{"SCHLüSSEL":"14628110130","ORTSTEIL":"Niederhäslich","GEMEINDE":"Freital, Stadt","KREIS":"Sächsische Schweiz-Osterzgebirge","WAHRER_OT":"ja","PLZ":"01705","OT_S":"130","GKZ":"14628110","BESTAETIGT":1},{"SCHLüSSEL":"14612000998","ORTSTEIL":"Altfranken","GEMEINDE":"Dresden, Stadt","KREIS":"Dresden, Stadt","WAHRER_OT":"ja","PLZ":"01156","OT_S":"998","GKZ":"14612000","BESTAETIGT":1},{"SCHLüSSEL":"14612000060","ORTSTEIL":"Johannstadt-Nord","GEMEINDE":"Dresden, Stadt","KREIS":"Dresden, Stadt","WAHRER_OT":"ja","PLZ":"01307","OT_S":"060","GKZ":"14612000","BESTAETIGT":1},{"SCHLüSSEL":"14612000323","ORTSTEIL":"Hellerau","GEMEINDE":"Dresden, Stadt","KREIS":"Dresden, Stadt","WAHRER_OT":"ja","PLZ":"01109","OT_S":"323","GKZ":"14612000","BESTAETIGT":1},{"SCHLüSSEL":"14612000741","ORTSTEIL":"Luga","GEMEINDE":"Dresden, Stadt","KREIS":"Dresden, Stadt","WAHRER_OT":"ja","PLZ":"01259","OT_S":"741","GKZ":"14612000","BESTAETIGT":1},{"SCHLüSSEL":"14612000720","ORTSTEIL":"Prohlis-Süd","GEMEINDE":"Dresden, Stadt","KREIS":"Dresden, Stadt","WAHRER_OT":"ja","PLZ":"01239","OT_S":"720","GKZ":"14612000","BESTAETIGT":1},{"SCHLüSSEL":"14612000414","ORTSTEIL":"Wachwitz","GEMEINDE":"Dresden, Stadt","KREIS":"Dresden, Stadt","WAHRER_OT":"ja","PLZ":"01326","OT_S":"414","GKZ":"14612000","BESTAETIGT":1},{"SCHLüSSEL":"14612000050","ORTSTEIL":"Friedrichstadt","GEMEINDE":"Dresden, Stadt","KREIS":"Dresden, Stadt","WAHRER_OT":"ja","PLZ":"01067,01157,01159","OT_S":"050","GKZ":"14612000","BESTAETIGT":1},{"SCHLüSSEL":"14612000640","ORTSTEIL":"Großzschachwitz","GEMEINDE":"Dresden, Stadt","KREIS":"Dresden, Stadt","WAHRER_OT":"ja","PLZ":"01257,01259","OT_S":"640","GKZ":"14612000","BESTAETIGT":1},{"SCHLüSSEL":"14612000421","ORTSTEIL":"Weißer Hirsch","GEMEINDE":"Dresden, Stadt","KREIS":"Dresden, Stadt","WAHRER_OT":"ja","PLZ":"01324","OT_S":"421","GKZ":"14612000","BESTAETIGT":1},{"SCHLüSSEL":"14612000930","ORTSTEIL":"Löbtau-Süd","GEMEINDE":"Dresden, Stadt","KREIS":"Dresden, Stadt","WAHRER_OT":"ja","PLZ":"01159,01187","OT_S":"930","GKZ":"14612000","BESTAETIGT":1},{"SCHLüSSEL":"14628110110","ORTSTEIL":"Döhlen","GEMEINDE":"Freital, Stadt","KREIS":"Sächsische Schweiz-Osterzgebirge","WAHRER_OT":"ja","PLZ":"01705","OT_S":"110","GKZ":"14628110","BESTAETIGT":1},{"SCHLüSSEL":"14612000910","ORTSTEIL":"Cotta","GEMEINDE":"Dresden, Stadt","KREIS":"Dresden, Stadt","WAHRER_OT":"ja","PLZ":"01157,01159,01169","OT_S":"910","GKZ":"14612000","BESTAETIGT":1},{"SCHLüSSEL":"14628110020","ORTSTEIL":"Kleinnaundorf","GEMEINDE":"Freital, Stadt","KREIS":"Sächsische Schweiz-Osterzgebirge","WAHRER_OT":"ja","PLZ":"01705","OT_S":"020","GKZ":"14628110","BESTAETIGT":1},{"SCHLüSSEL":"14612000831","ORTSTEIL":"Räcknitz","GEMEINDE":"Dresden, Stadt","KREIS":"Dresden, Stadt","WAHRER_OT":"ja","PLZ":"01069,01187,01217","OT_S":"831","GKZ":"14612000","BESTAETIGT":1},{"SCHLüSSEL":"14612000742","ORTSTEIL":"Lockwitz","GEMEINDE":"Dresden, Stadt","KREIS":"Dresden, Stadt","WAHRER_OT":"ja","PLZ":"01239,01257,01259","OT_S":"742","GKZ":"14612000","BESTAETIGT":1},{"SCHLüSSEL":"14628110100","ORTSTEIL":"Deuben","GEMEINDE":"Freital, Stadt","KREIS":"Sächsische Schweiz-Osterzgebirge","WAHRER_OT":"ja","PLZ":"01705","OT_S":"100","GKZ":"14628110","BESTAETIGT":1}]