﻿Stadtteilnummer;Stadtteil;2021
0;Zentrum;2000
1;Zentrum-Ost;2150
2;Zentrum-Südost;1400
3;Zentrum-Süd;2000
4;Zentrum-West;2000
5;Zentrum-Nordwest;2150
6;Zentrum-Nord;2000
100;Mitte;1965.125
10;Schönefeld-Abtnaundorf;1700
11;Schönefeld-Ost;1700
12;Mockau-Süd;1700
13;Mockau-Nord;1500
14;Thekla;1700
15;Plaußig-Portitz;2000
100;Nordost;1716.666667
20;Neustadt-Neuschönefeld;1400
21;Volkmarsdorf;1650
22;Anger-Crottendorf;1750
23;Sellerhausen-Stünz;2000
24;Paunsdorf;1300
25;Heiterblick;2000
26;Mölkau;2000
27;Engelsdorf;2150
28;Baalsdorf;2000
29;Althen-Kleinpösna;1650
200;Ost;1790
30;Reudnitz-Thonberg;1750
31;Stötteritz;1750
32;Probstheida;2000
33;Meusdorf;1750
34;Liebertwolkwitz;2000
35;Holzhausen;2000
300;Südost;1875
40;Südvorstadt;2000
41;Connewitz;1750
42;Marienbrunn;1700
43;Lößnig;1500
44;Dölitz-Dösen;2000
400;Süd;1790
50;Schleußig;1750
51;Plagwitz;2000
52;Kleinzschocher;1500
53;Großzschocher;1750
54;Knautkleeberg-Knauthain;2000
55;Hartmannsdorf-Knautnaundorf;2000
500;Südwest;1833.333333
60;Schönau;1700
61;Grünau-Ost;1500
62;Grünau-Mitte;1500
63;Grünau-Siedlung;2000
64;Lausen-Grünau;1750
65;Grünau-Nord;1500
66;Miltitz;2000
600;West;1707.142857
70;Lindenau;2000
71;Altlindenau;2000
72;Neulindenau;2000
73;Leutzsch;2000
74;Böhlitz-Ehrenberg;2000
75;Burghausen-Rückmarsdorf;2150
700;Alt-West;2025
80;Möckern;1750
81;Wahren;1750
82;Lützschena-Stahmeln;2000
83;Lindenthal;1750
800;Nordwest;1812.5
90;Gohlis-Süd;2000
91;Gohlis-Mitte;2000
92;Gohlis-Nord;1650
93;Eutritzsch;1650
94;Seehausen;2100
95;Wiederitzsch;1650
900;Nord;1841.666667
985;Stadt;1833.649788
