{
  "version": 0.6,
  "generator": "Overpass API 0.7.59.2 0994154d",
  "osm3s": {
    "timestamp_osm_base": "2023-03-01T09:44:37Z",
    "timestamp_areas_base": "2023-03-01T07:50:59Z",
    "copyright": "The data included in this document is from www.openstreetmap.org. The data is made available under ODbL."
  },
  "elements": [
    {
      "type": "node",
      "id": 25346731,
      "lat": 51.056018,
      "lon": 13.7081312,
      "tags": {
        "name": "Dresden-Friedrichstadt",
        "network": "VVO",
        "operator": "DB Station&Service AG",
        "public_transport": "station",
        "railway": "station",
        "railway:ref": "DF",
        "railway:station_category": "5",
        "toilets:wheelchair": "no",
        "wheelchair": "yes",
        "wikidata": "Q800683",
        "wikipedia": "de:Bahnhof Dresden-Friedrichstadt"
      }
    },
    {
      "type": "node",
      "id": 25397500,
      "lat": 51.0402452,
      "lon": 13.7320768,
      "tags": {
        "addr:city": "Dresden",
        "addr:country": "DE",
        "addr:housenumber": "4",
        "addr:postcode": "01069",
        "addr:street": "Wiener Platz",
        "layer": "3",
        "loc_name": "Dresden Hauptbahnhof",
        "name": "Dresden Hbf",
        "note": "\"Dresden Hbf\" (und nicht \"Dresden Hauptbahnhof\") ist die offizielle Betriebsstellenbezeichnung laut Fahrplanmedien und Betriebsstellenverzeichnis. Betrieblich ein Bahnhofsteil weitere Eigenschaften sind in der Relation vorhanden und daher hier überflüssi",
        "operator": "DB Netz AG;DB Station&Service AG",
        "public_transport": "station",
        "railway": "station",
        "railway:ref": "DH",
        "railway:station_category": "1",
        "ref:station": "1343",
        "ref_name": "Hauptbahnhof, Dresden",
        "toilets:wheelchair": "yes",
        "train": "yes",
        "uic_ref": "8010085",
        "website": "https://www.bahnhof.de/bahnhof-de/bahnhof/Dresden-Hbf-1020006",
        "wheelchair": "limited",
        "wikidata": "Q704354",
        "wikipedia": "de:Dresden Hauptbahnhof"
      }
    },
    {
      "type": "node",
      "id": 252416651,
      "lat": 51.0374704,
      "lon": 13.7572946,
      "tags": {
        "name": "Bahnhof Zoo",
        "operator": "Parkeisenbahn Dresden",
        "public_transport": "station",
        "railway": "station",
        "toilets:wheelchair": "no",
        "usage": "tourism",
        "website": "http://www.parkeisenbahn-dresden.de",
        "wheelchair": "limited"
      }
    },
    {
      "type": "node",
      "id": 263480844,
      "lat": 51.0049114,
      "lon": 13.6894803,
      "tags": {
        "ele": "275",
        "historic": "railway",
        "name": "Dresden-Gittersee",
        "operator": "Sächsischer Museumseisenbahnverein Windbergbahn e.V.",
        "public_transport": "station",
        "railway": "station",
        "railway:ref": "DGI",
        "railway:station_category": "train_station",
        "start_date": "1857",
        "usage": "tourism"
      }
    },
    {
      "type": "node",
      "id": 1280821133,
      "lat": 51.0433722,
      "lon": 13.7542902,
      "tags": {
        "name": "Hauptbahnhof an der Gläsernen Manufaktur",
        "operator": "Parkeisenbahn Dresden",
        "public_transport": "station",
        "railway": "station",
        "toilets:wheelchair": "yes",
        "usage": "tourism",
        "website": "http://www.parkeisenbahn-dresden.de",
        "wheelchair": "limited",
        "wheelchair:description": "Stellplätze für Rollstühle im Bahnhof vorhanden, leerer Rollstuhl kann im Traglastenabteil der Eisenbahn mitgenommen werden"
      }
    },
    {
      "type": "node",
      "id": 2720761590,
      "lat": 51.0212053,
      "lon": 13.7907408,
      "tags": {
        "name": "Dresden-Reick",
        "network": "VVO",
        "operator": "DB Station&Service AG",
        "public_transport": "station",
        "railway": "station",
        "railway:ref": "DRK",
        "wheelchair": "yes",
        "wikidata": "Q11694982"
      }
    },
    {
      "type": "node",
      "id": 2744503913,
      "lat": 51.1144381,
      "lon": 13.788889,
      "tags": {
        "name": "Dresden-Klotzsche",
        "public_transport": "station",
        "railway": "station",
        "railway:ref": "DKT",
        "railway:station_category": "4",
        "wheelchair": "yes",
        "wikidata": "Q800687"
      }
    },
    {
      "type": "node",
      "id": 2746885438,
      "lat": 51.1282809,
      "lon": 13.7782287,
      "tags": {
        "name": "Dresden Grenzstraße",
        "public_transport": "station",
        "railway": "station",
        "railway:ref": "DGRS",
        "wheelchair": "yes",
        "wikidata": "Q16541161"
      }
    },
    {
      "type": "node",
      "id": 2746933618,
      "lat": 51.1245827,
      "lon": 13.7659854,
      "tags": {
        "layer": "-1",
        "name": "Dresden Flughafen",
        "public_transport": "station",
        "railway": "station",
        "railway:ref": "DKTF",
        "wheelchair": "yes",
        "wikidata": "Q129342",
        "wikipedia": "de:Bahnhof Dresden Flughafen"
      }
    },
    {
      "type": "node",
      "id": 2774330200,
      "lat": 51.0849931,
      "lon": 13.6323725,
      "tags": {
        "name": "Cossebaude",
        "network": "VVO",
        "operator": "DB Station&Service AG",
        "public_transport": "station",
        "railway": "station",
        "railway:ref": "DCB",
        "railway:station_category": "6",
        "wheelchair": "no",
        "wikidata": "Q59769900"
      }
    },
    {
      "type": "node",
      "id": 3332924794,
      "lat": 51.0560748,
      "lon": 13.7241859,
      "tags": {
        "addr:city": "Dresden",
        "addr:housenumber": "2",
        "addr:postcode": "01067",
        "addr:street": "Könneritzstraße",
        "name": "Dresden Mitte",
        "note": "weitere Eigenschaften sind in der Relation vorhanden und daher hier überflüssig",
        "operator": "DB Netz AG;DB Station&Service AG",
        "public_transport": "station",
        "railway": "station",
        "railway:ref": "DM",
        "railway:station_category": "4",
        "ref:station": "1345",
        "uic_ref": "8013444",
        "wheelchair": "yes",
        "wikidata": "Q668015",
        "wikipedia": "de:Bahnhof Dresden Mitte"
      }
    },
    {
      "type": "node",
      "id": 3723386251,
      "lat": 51.0658669,
      "lon": 13.7405404,
      "tags": {
        "addr:city": "Dresden",
        "addr:country": "DE",
        "addr:housenumber": "1",
        "addr:postcode": "01097",
        "addr:street": "Schlesischer Platz",
        "layer": "1",
        "name": "Dresden-Neustadt",
        "note": "Dies ist ein Bahnhof und keine site! weitere Eigenschaften sind in der Relation vorhanden und daher hier überflüssig",
        "operator": "DB Netz AG",
        "phone": "+49 351 4611055",
        "platforms": "4",
        "public_transport": "station",
        "railway": "station",
        "railway:ref": "DN",
        "railway:station_category": "2",
        "uic_ref": "8010089",
        "website": "https://www.bahnhof.de/bahnhof-de/Dresden-Neustadt.html?hl=dresden%20neustadt",
        "wheelchair": "yes",
        "wikidata": "Q800686",
        "wikipedia": "de:Bahnhof Dresden-Neustadt"
      }
    }
  ]
}