{
  "version": 0.6,
  "generator": "Overpass API 0.7.59.2 0994154d",
  "osm3s": {
    "timestamp_osm_base": "2023-03-01T09:43:37Z",
    "timestamp_areas_base": "2023-03-01T07:50:59Z",
    "copyright": "The data included in this document is from www.openstreetmap.org. The data is made available under ODbL."
  },
  "elements": [
    {
      "type": "node",
      "id": 376142577,
      "lat": 51.3465518,
      "lon": 12.3830858,
      "tags": {
        "name": "Leipzig Hauptbahnhof",
        "name:fr": "Gare centrale de Leipzig",
        "name:ja": "ライプツィヒ中央駅",
        "network": "MDV",
        "official_name": "Leipzig Hbf",
        "operator": "DB Station&Service AG",
        "public_transport": "station",
        "railway": "station",
        "railway:ref": "LL",
        "railway:station_category": "1",
        "short_name": "Leipzig Hbf",
        "train": "yes",
        "uic_name": "Leipzig Hbf",
        "uic_ref": "8010205",
        "url": "https://m.leipzig-lexikon.de/LeipzigHauptbahnhof",
        "wheelchair": "yes",
        "wikidata": "Q703916",
        "wikipedia": "de:Leipzig Hauptbahnhof"
      }
    },
    {
      "type": "node",
      "id": 415265417,
      "lat": 51.3702911,
      "lon": 12.3196723,
      "tags": {
        "building": "yes",
        "internet_access": "no",
        "name": "Bf Auensee",
        "operator": "Parkeisenbahn Auensee e.V.",
        "public_transport": "station",
        "railway": "station",
        "train": "yes",
        "usage": "leisure",
        "wheelchair": "yes"
      }
    },
    {
      "type": "node",
      "id": 713096502,
      "lat": 51.3350932,
      "lon": 12.300442,
      "tags": {
        "name": "Museumsbahnhof (Feldbahnmuseum)",
        "operator": "Museumsfeldbahn Leipzig Lindenau e.V.",
        "platforms": "2",
        "railway": "station",
        "usage": "tourism",
        "website": "https://www.museumsfeldbahn.de",
        "wheelchair": "no",
        "wikidata": "Q1954818",
        "wikipedia": "de:Museumsfeldbahn Leipzig-Lindenau"
      }
    },
    {
      "type": "node",
      "id": 1833012955,
      "lat": 51.3806371,
      "lon": 12.3216603,
      "tags": {
        "name": "Leipzig-Wahren",
        "operator": "Deutsche Bahn",
        "railway": "station",
        "railway:ref": "LLW",
        "wheelchair": "yes",
        "wikidata": "Q801077"
      }
    },
    {
      "type": "node",
      "id": 1833107718,
      "lat": 51.3698862,
      "lon": 12.3534876,
      "tags": {
        "name": "Leipzig Olbrichtstraße",
        "note": "bis 17. April 2022 Haltepunkt mit Überleitstelle, seither Bahnhofsteil von Leipzig-Wahren",
        "operator": "DB Station&Service AG",
        "public_transport": "station",
        "railway": "station",
        "railway:ref": "LSEL",
        "railway:ref:count": "1/2",
        "railway:station_category": "6",
        "uic_ref": "8012181",
        "wheelchair": "yes",
        "wikidata": "Q56817178"
      }
    },
    {
      "type": "node",
      "id": 1946583016,
      "lat": 51.3009323,
      "lon": 12.3865233,
      "tags": {
        "name": "Leipzig-Connewitz",
        "operator": "DB Station&Service AG",
        "public_transport": "station",
        "railway": "station",
        "railway:ref": "LLC",
        "url": "https://m.leipzig-lexikon.de/LeipzigConnewitz",
        "wheelchair": "yes",
        "wikidata": "Q15730001"
      }
    },
    {
      "type": "node",
      "id": 1993610395,
      "lat": 51.340615,
      "lon": 12.3745806,
      "tags": {
        "departures_board": "timetable",
        "layer": "-2",
        "level": "-2",
        "light_rail": "yes",
        "name": "Leipzig Markt",
        "name:ja": "ライプツィヒ マルクト",
        "public_transport": "station",
        "railway": "station",
        "railway:ref": "LLMK",
        "station": "light_rail",
        "train": "yes",
        "uic_ref": "8012186",
        "url": "https://m.leipzig-lexikon.de/LeipzigMarkt",
        "wheelchair": "yes",
        "wikidata": "Q15140168"
      }
    },
    {
      "type": "node",
      "id": 2197441090,
      "lat": 51.338377,
      "lon": 12.2846936,
      "tags": {
        "name": "Schönauer Lachen",
        "operator": "Museumsfeldbahn Leipzig Lindenau e.V.",
        "platforms": "2",
        "public_transport": "station",
        "railway": "station",
        "usage": "tourism",
        "website": "https://www.museumsfeldbahn.de",
        "wheelchair": "no",
        "wikidata": "Q1954818",
        "wikipedia": "de:Museumsfeldbahn Leipzig-Lindenau"
      }
    },
    {
      "type": "node",
      "id": 2197441433,
      "lat": 51.3371425,
      "lon": 12.2900905,
      "tags": {
        "name": "Schwarzer Weg",
        "operator": "Museumsfeldbahn Leipzig Lindenau e.V.",
        "platforms": "2",
        "public_transport": "station",
        "railway": "station",
        "usage": "tourism",
        "usage_1": "tourism",
        "website": "https://www.museumsfeldbahn.de",
        "wheelchair": "no",
        "wikidata": "Q1954818",
        "wikipedia": "de:Museumsfeldbahn Leipzig-Lindenau"
      }
    },
    {
      "type": "node",
      "id": 2299420249,
      "lat": 51.3237401,
      "lon": 12.4107603,
      "tags": {
        "level": "1",
        "name": "Leipzig-Stötteritz",
        "operator": "DB Netz AG;DB Station&Service AG",
        "public_transport": "station",
        "railway": "station",
        "railway:ref": "LLST",
        "train": "yes",
        "wheelchair": "yes",
        "wikidata": "Q801076"
      }
    },
    {
      "type": "node",
      "id": 2536347483,
      "lat": 51.3539868,
      "lon": 12.3048679,
      "tags": {
        "name": "Leipzig-Leutzsch",
        "on_demand": "no",
        "operator": "DB Station&Service AG",
        "public_transport": "station",
        "railway": "station",
        "railway:ref": "LLEL",
        "railway:station_category": "5",
        "request_stop": "yes",
        "uic_ref": "8010207",
        "url": "https://m.leipzig-lexikon.de/LeipzigLeutzsch",
        "wikidata": "Q801074",
        "wikipedia": "de:Bahnhof Leipzig-Leutzsch"
      }
    },
    {
      "type": "node",
      "id": 3911497597,
      "lat": 51.28377,
      "lon": 12.4693871,
      "tags": {
        "name": "Leipzig-Liebertwolkwitz",
        "public_transport": "station",
        "railway": "station",
        "railway:ref": "LLWZ",
        "url": "https://m.leipzig-lexikon.de/LeipzigLiebertwolkwitz",
        "wheelchair": "no",
        "wikidata": "Q108673554"
      }
    },
    {
      "type": "node",
      "id": 3997898906,
      "lat": 51.3280545,
      "lon": 12.3220542,
      "tags": {
        "name": "Leipzig-Plagwitz",
        "operator": "DB Station&Service AG",
        "public_transport": "station",
        "railway": "station",
        "railway:ref": "LLP",
        "railway:station_category": "5",
        "train": "yes",
        "uic_ref": "8010209",
        "url": "https://m.leipzig-lexikon.de/LeipzigPlagwitz.htm",
        "wheelchair": "yes",
        "wikidata": "Q801073",
        "wikipedia": "de:Bahnhof Leipzig-Plagwitz"
      }
    },
    {
      "type": "node",
      "id": 4877849763,
      "lat": 51.3154289,
      "lon": 12.2681598,
      "tags": {
        "name": "Leipzig Miltitzer Allee",
        "operator": "DB Station&Service AG",
        "public_transport": "station",
        "railway": "station",
        "railway:ref": "LMIA",
        "railway:station_category": "5",
        "train": "yes",
        "uic_ref": "8012344",
        "url": "https://m.leipzig-lexikon.de/LeipzigMiltitzerAllee",
        "wheelchair": "yes",
        "wikidata": "Q16894084"
      }
    },
    {
      "type": "node",
      "id": 5619497135,
      "lat": 51.3354384,
      "lon": 12.3753366,
      "tags": {
        "light_rail": "yes",
        "name": "Leipzig Wilhelm-Leuschner-Platz",
        "operator": "DB Netz AG",
        "public_transport": "station",
        "railway": "station",
        "railway:ref": "LLWP",
        "station": "light_rail",
        "uic_ref": "8012202",
        "url": "https://www.leipzig-lexikon.de/LeipzigWilhelmLeuschnerPlatz",
        "wheelchair": "yes",
        "wikidata": "Q15629531"
      }
    },
    {
      "type": "node",
      "id": 5621640643,
      "lat": 51.3454299,
      "lon": 12.3801267,
      "tags": {
        "name": "Leipzig Hauptbahnhof (Tiefgleise)",
        "official_name": "Leipzig Hbf (Tiefgleise)",
        "operator": "DB Station&Service AG",
        "public_transport": "station",
        "railway": "station",
        "railway:ref": "LL T",
        "railway:station_category": "1",
        "short_name": "Leipzig Hbf (tief)",
        "start_date": "2013-12",
        "train": "yes",
        "uic_name": "Leipzig Hbf (tief)",
        "uic_ref": "8010205",
        "url": "https://m.leipzig-lexikon.de/LeipzigHbfTief",
        "wheelchair": "yes",
        "wikidata": "Q703916",
        "wikipedia": "de:Leipzig Hauptbahnhof"
      }
    },
    {
      "type": "node",
      "id": 6771826398,
      "lat": 51.2781222,
      "lon": 12.3093519,
      "tags": {
        "name": "Leipzig-Knauthain",
        "official_name": "Leipzig-Knauthain",
        "operator": "DB Station&Service AG",
        "public_transport": "station",
        "railway": "station",
        "railway:ref": "LLK",
        "railway:ref:DB": "LLK",
        "ref:IFOPT": "de:14713:8012192",
        "ref:IFOPT:DB": "de:14713:8012192",
        "uic_ref": "8012192",
        "url": "https://m.leipzig-lexikon.de/LeipzigKnauthain",
        "wheelchair": "limited",
        "wikidata": "Q110324361"
      }
    },
    {
      "type": "node",
      "id": 9172268869,
      "lat": 51.395974,
      "lon": 12.3891772,
      "tags": {
        "name": "Leipzig Messe",
        "network": "MDV",
        "operator": "DB Station&Service AG",
        "public_transport": "station",
        "railway": "station",
        "railway:ref": "LNW",
        "railway:station_category": "4",
        "uic_name": "Neuwiederitzsch Messe Leipzig",
        "wheelchair": "yes",
        "wikidata": "Q11753827",
        "wikipedia": "de:Bahnhof Leipzig Messe"
      }
    }
  ]
}